ds,pkg,old_ver,new_ver,note_en,note_zh
2026-07-24,age,1.7.0,1.8.0,PG18: 1.8.0-rc0; PG17: 1.7.0,PG18：1.8.0-rc0；PG17：1.7.0
2026-07-24,argm,,1.1.1,PG14-18,PG14-18
2026-07-24,babelfish,5.5.0,5.4.0,Catalog fix: 5.4.0; PG17-18; Babelfish: +PG18,目录修正为 5.4.0；PG17-18；Babelfish：+PG18
2026-07-24,block_copy_command,0.1.5,0.1.5,pgrx 0.19.1; PG14-18,pgrx 0.19.1；PG14-18
2026-07-24,citus,14.1.0,14.1.0,"Citus 13.0.0; EL10 RPM PG14, 2 arch",Citus 13.0.0；EL10 双架构 RPM PG14
2026-07-24,cron_utils,,0.1.0,SQL-only; PG14-18,纯 SQL；PG14-18
2026-07-24,dbt2,0.61.7,0.61.7,"+DEB PG14-18; +EL8 RPM PG17-18, 2 arch",+DEB PG14-18；+EL8 双架构 RPM PG17-18
2026-07-24,decoder_raw,1.0,1.0,EL10/D13; PG14-16; 2 arch,EL10/D13；PG14-16；双架构
2026-07-24,decoderbufs,3.5.0,3.6.0,DEB 3.6.0; RPM 3.5.0; PG14-18,DEB 3.6.0；RPM 3.5.0；PG14-18
2026-07-24,documentdb,0.113,0.114,PG15-18; 16 targets,PG15-18；16 平台
2026-07-24,etcd_fdw,0.0.1,0.0.1,pgrx 0.19.1; PG14-18,pgrx 0.19.1；PG14-18
2026-07-24,faker,0.5.3,0.5.3,+DEB PG14-18; +DEB PG14-18; D12/U22: python3-fake-factory 22.0.0,+DEB PG14-18；+DEB PG14-18；D12/U22：python3-fake-factory 22.0.0
2026-07-24,fbsql,,0.1.0,PL/R; PG16-18,依赖 PL/R；PG16-18
2026-07-24,hdfs_fdw,2.3.3,2.3.3,+DEB PG14-18,+DEB PG14-18
2026-07-24,hunspell_cs_cz,1.0,1.0,hunspell bundle; 10 dictionaries; 16 targets; PG14-18,hunspell 合包；10 词典；16 平台；PG14-18
2026-07-24,hunspell_de_de,1.0,1.0,hunspell bundle; 10 dictionaries; 16 targets; PG14-18,hunspell 合包；10 词典；16 平台；PG14-18
2026-07-24,hunspell_en_us,1.0,1.0,hunspell bundle; 10 dictionaries; 16 targets; PG14-18,hunspell 合包；10 词典；16 平台；PG14-18
2026-07-24,hunspell_fr,1.0,1.0,hunspell bundle; 10 dictionaries; 16 targets; PG14-18,hunspell 合包；10 词典；16 平台；PG14-18
2026-07-24,hunspell_ne_np,1.0,1.0,hunspell bundle; 10 dictionaries; 16 targets; PG14-18,hunspell 合包；10 词典；16 平台；PG14-18
2026-07-24,hunspell_nl_nl,1.0,1.0,hunspell bundle; 10 dictionaries; 16 targets; PG14-18,hunspell 合包；10 词典；16 平台；PG14-18
2026-07-24,hunspell_nn_no,1.0,1.0,hunspell bundle; 10 dictionaries; 16 targets; PG14-18,hunspell 合包；10 词典；16 平台；PG14-18
2026-07-24,hunspell_pt_pt,1.0,1.0,16 targets; pt_pt.stop avoids core conflict,16 平台；pt_pt.stop 避免内核冲突
2026-07-24,hunspell_ru_ru,1.0,1.0,hunspell bundle; 10 dictionaries; 16 targets; PG14-18,hunspell 合包；10 词典；16 平台；PG14-18
2026-07-24,hunspell_ru_ru_aot,1.0,1.0,hunspell bundle; 10 dictionaries; 16 targets; PG14-18,hunspell 合包；10 词典；16 平台；PG14-18
2026-07-24,imgsmlr,1.0,1.0,EL10/D13; PG14-18; 2 arch,EL10/D13；PG14-18；双架构
2026-07-24,ivorysql,1.0,1.0,IvorySQL 5.4; PG18; 16 targets,IvorySQL 5.4；PG18；16 平台
2026-07-24,jdbc_fdw,0.4.0,0.5.0,pkg 0.5.0; SQL 1.2; PG14-18; 16 targets,包 0.5.0；SQL 1.2；PG14-18；16 平台
2026-07-24,jsonschema,0.1.9,0.1.9,pgrx 0.19.1; PG14-18,pgrx 0.19.1；PG14-18
2026-07-24,mobilitydb,1.3.0,1.3.0,+RPM 6 EL PG14-18; +U22 DEB PG18; mobilitydb bundle; +RPM 6 EL; +U22 DEB PG18,+RPM 6 个 EL PG14-18；+U22 DEB PG18；随 mobilitydb；+RPM 6 个 EL；+U22 DEB PG18
2026-07-24,nominatim_fdw,1.3,2.0.0,PG14-18; 16 targets,PG14-18；16 平台
2026-07-24,odbc_fdw,0.5.1,0.6.1,pkg 0.6.1; SQL 0.5.2; PG14-18,包 0.6.1；SQL 0.5.2；PG14-18
2026-07-24,ogr_fdw,1.1.8,1.1.9,PG14-18,PG14-18
2026-07-24,omnigres,0.2.14,0.2.14,"omnigres 20251108; EL10 PG14-18; EL8/9,D12/U22 PG18",20251108；EL10 PG14-18；EL8/9、D12/U22 PG18
2026-07-24,online_advisor,,1.0,PG14-18,PG14-18
2026-07-24,pg_anon,3.1.1,3.1.3,pgrx 0.19.1; PG14-18,pgrx 0.19.1；PG14-18
2026-07-24,pg_base58,0.0.1,0.0.1,pgrx 0.19.1; PG14-18,pgrx 0.19.1；PG14-18
2026-07-24,pg_bestmatch,0.0.2,0.0.2,pgrx 0.19.1; PG14-18,pgrx 0.19.1；PG14-18
2026-07-24,pg_biscuit,2.4.1,2.4.3,pkg 2.4.3; SQL 2.4.1; PG16-18,包 2.4.3；SQL 2.4.1；PG16-18
2026-07-24,pg_cardano,1.2.0,1.2.0,pgrx 0.19.1; PG15-18,pgrx 0.19.1；PG15-18
2026-07-24,pg_cjk_parser,,0.1.0,PG14-18,PG14-18
2026-07-24,pg_command_fw,0.1.0,0.1.0,pgrx 0.19.1; PG15-18,pgrx 0.19.1；PG15-18
2026-07-24,pg_convert,0.1.0,0.1.0,pgrx 0.19.1; PG14-18,pgrx 0.19.1；PG14-18
2026-07-24,pg_csv,1.0.1,1.0.2,+RPM; pkg 1.0.2; SQL 1.0.1; PG14-18,+RPM；包 1.0.2；SQL 1.0.1；PG14-18
2026-07-24,pg_dbms_errlog,2.2,2.4,PG14-18,PG14-18
2026-07-24,pg_dbms_job,2.0,2.0,+DEB PG14-18,+DEB PG14-18
2026-07-24,pg_dbms_lock,2.0,2.0,+DEB PG14-18,+DEB PG14-18
2026-07-24,pg_dbms_metadata,1.0.0,1.0.0,+DEB PG14-18; +EL8 aarch64 RPM PG15,+DEB PG14-18；+EL8 aarch64 RPM PG15
2026-07-24,pg_durable,0.2.2,0.2.3,pgrx 0.19.1; PG14-18,pgrx 0.19.1；PG14-18
2026-07-24,pg_enigma,0.5.0,0.5.0,pgrx 0.19.1; PG14-18,pgrx 0.19.1；PG14-18
2026-07-24,pg_eviltransform,0.0.2,0.0.4,pgrx 0.19.1; PG14-18,pgrx 0.19.1；PG14-18
2026-07-24,pg_explain_ui,0.0.2,0.0.2,pgrx 0.19.1; PG14-18,pgrx 0.19.1；PG14-18
2026-07-24,pg_fact_loader,2.0.1,2.0.1,U26 DEB PG14-18,U26 DEB PG14-18
2026-07-24,pg_flight_recorder,,2.29.2,pg_flight_recorder; PG15-18,pg_flight_recorder；PG15-18
2026-07-24,pg_fts,,0.2.0,PG17-18,PG17-18
2026-07-24,pg_graphql,1.6.1,1.6.1,pgrx 0.19.1; PG14-18,pgrx 0.19.1；PG14-18
2026-07-24,pg_h3,4.2.3,4.2.3,EL8 x86_64 RPM PG17-18,EL8 x86_64 RPM PG17-18
2026-07-24,pg_http,1.7.1,1.7.2,PG14-18,PG14-18
2026-07-24,pg_idkit,0.4.0,0.4.0,pgrx 0.19.1; PG14-18,pgrx 0.19.1；PG14-18
2026-07-24,pg_ivm,1.14,1.15,PG14-18,PG14-18
2026-07-24,pg_jieba,,1.1.0,pkg 2.0.1; SQL 1.1.0; PG14-18,包 2.0.1；SQL 1.1.0；PG14-18
2026-07-24,pg_jsonschema,0.3.4,0.3.4,pgrx 0.19.1; PG14-18,pgrx 0.19.1；PG14-18
2026-07-24,pg_kazsearch,2.2.0,2.3.0,pgrx 0.19.1; PG16-18,pgrx 0.19.1；PG16-18
2026-07-24,pg_kpart,,1.0,PG14-18,PG14-18
2026-07-24,pg_lake,,3.4,pg_lake 3.4; PG16-18; RPM EL9/10,pg_lake 3.4；PG16-18；RPM 仅 EL9/10
2026-07-24,pg_later,0.4.0,0.4.0,pgrx 0.19.1; PG14-18,pgrx 0.19.1；PG14-18
2026-07-24,pg_mooncake,0.2.0,0.2.0,pgrx 0.19.1; PG14-18,pgrx 0.19.1；PG14-18
2026-07-24,pg_net,0.20.3,0.20.5,pkg 0.20.5; SQL 0.20.4; PG14-18; RPM EL10; D12/D13/U24/U26: 0.20.5; U22: 0.9.2 (libcurl); PG14-18,包 0.20.5；SQL 0.20.4；PG14-18；RPM EL10；D12/D13/U24/U26：0.20.5；U22：0.9.2（libcurl）；PG14-18
2026-07-24,pg_oidc_validator,,0.2,"Percona OIDC; PG18; DEB all, RPM EL10",Percona OIDC；PG18；DEB 全平台，RPM 仅 EL10
2026-07-24,pg_oidc_validator_rust,,0.1.0,Rust OIDC; PG18,Rust OIDC；PG18
2026-07-24,pg_parquet,0.5.1,0.5.1,pgrx 0.19.1; PG14-18,pgrx 0.19.1；PG14-18
2026-07-24,pg_pinyin,0.0.4,0.0.5,pgrx 0.19.1; PG14-18,pgrx 0.19.1；PG14-18
2026-07-24,pg_polyline,0.0.1,0.0.1,pgrx 0.19.1; PG14-18,pgrx 0.19.1；PG14-18
2026-07-24,pg_render,0.1.3,0.1.3,pgrx 0.19.1; PG14-18,pgrx 0.19.1；PG14-18
2026-07-24,pg_rewrite,2.0.0,2.2,PG14-18,PG14-18
2026-07-24,pg_roast,,1.0,PG14-18,PG14-18
2026-07-24,pg_rrf,0.0.3,0.0.3,pgrx 0.19.1; PG14-18,pgrx 0.19.1；PG14-18
2026-07-24,pg_search,0.24.0,0.24.3,pgrx 0.19.1; PG15-18,pgrx 0.19.1；PG15-18
2026-07-24,pg_session_jwt,0.5.0,0.5.0,pgrx 0.19.1; PG14-18,pgrx 0.19.1；PG14-18
2026-07-24,pg_smtp_client,0.2.1,0.2.1,pgrx 0.19.1; PG14-18,pgrx 0.19.1；PG14-18
2026-07-24,pg_statement_rollback,1.5,1.6,PG14-18,PG14-18
2026-07-24,pg_strict,1.0.5,1.0.5,pgrx 0.19.1; PG14-18,pgrx 0.19.1；PG14-18
2026-07-24,pg_strom,6.1,6.1,pg_strom 3.5; EL10 x86_64 PG14,pg_strom 3.5；EL10 x86_64 PG14
2026-07-24,pg_summarize,0.0.1,0.0.1,pgrx 0.19.1; PG14-18,pgrx 0.19.1；PG14-18
2026-07-24,pg_tde,2.1,2.2,Percona; PG17-18,Percona；PG17-18
2026-07-24,pg_tiktoken,0.0.1,0.0.1,pgrx 0.19.1; PG14-18,pgrx 0.19.1；PG14-18
2026-07-24,pg_tiktoken_c,,1.1,PG14-18,PG14-18
2026-07-24,pg_tokenizer,0.1.1,0.1.1,pgrx 0.19.1; PG14-18,pgrx 0.19.1；PG14-18
2026-07-24,pg_trickle,0.81.0,0.81.0,pgrx 0.19.1; PG18,pgrx 0.19.1；PG18
2026-07-24,pg_typeid,0.3.0,0.3.0,pgrx 0.19.1; PG14-18,pgrx 0.19.1；PG14-18
2026-07-24,pg_tzf,0.3.0,0.3.0,pgrx 0.19.1; PG14-18,pgrx 0.19.1；PG14-18
2026-07-24,pg_vectorize,0.26.2,0.26.2,pgrx 0.19.1; PG14-18,pgrx 0.19.1；PG14-18
2026-07-24,pg_wait_sampling,1.1.11,1.1.11,+RPM PG14-18; SQL 1.1,+RPM PG14-18；SQL 1.1
2026-07-24,pg_when,0.1.9,0.1.9,pgrx 0.19.1; PG14-18,pgrx 0.19.1；PG14-18
2026-07-24,pgauditlogtofile,1.8.4,1.8.5,PG14-18,PG14-18
2026-07-24,pgautofailover,2.2,2.2,6 EL RPM: +PG18,6 个 EL RPM：+PG18
2026-07-24,pgbouncer_fdw,1.4.0,1.4.0,+DEB PG14-18,+DEB PG14-18
2026-07-24,pgbson,2.0.2,2.0.4,pkg 2.0.4; SQL 2.0; PG14-18,包 2.0.4；SQL 2.0；PG14-18
2026-07-24,pgclone,4.3.2,4.4.2,PG14-18,PG14-18
2026-07-24,pgdd,0.6.1,0.6.1,pgrx 0.19.1; PG14-18,pgrx 0.19.1；PG14-18
2026-07-24,pgextwlist,1.19,1.20,PG14-18,PG14-18
2026-07-24,pggraph,0.1.7,0.1.8,pgrx 0.19.1; PG14-18,pgrx 0.19.1；PG14-18
2026-07-24,pgl_ddl_deploy,2.2.1,2.2.1,+RPM PG14-18; +U26 DEB PG14-17; 10 DEB: +PG18; U26 PG14-17,+RPM PG14-18；+U26 DEB PG14-17；10 个 DEB：+PG18；U26 PG14-17
2026-07-24,pglinter,2.0.0,2.0.0,pgrx 0.19.1; PG14-18,pgrx 0.19.1；PG14-18
2026-07-24,pglite_fusion,0.0.6,0.0.6,pgrx 0.19.1; PG14-18,pgrx 0.19.1；PG14-18
2026-07-24,pglogical_ticker,1.4.1,1.4.1,6 EL RPM PG14-17,6 个 EL RPM PG14-17
2026-07-24,pgmemcache,2.3.0,2.3.0,EL8 aarch64 RPM PG14-15,EL8 aarch64 RPM PG14-15
2026-07-24,pgmemento,,0.7.4,SQL-only; PG14-18,纯 SQL；PG14-18
2026-07-24,pgml,2.10.0,2.10.0,EL10/D13/U26; PG14-17; 2 arch,EL10/D13/U26；PG14-17；双架构
2026-07-24,pgmnemo,0.12.1,0.13.0,PG17-18,PG17-18
2026-07-24,pgmonitor,,2.2.0,PG14-18,PG14-18
2026-07-24,pgmq,1.11.1,1.12.0,PG14-18,PG14-18
2026-07-24,pgmqtt,0.3.0,0.4.1,pgrx 0.19.1; PG14-18,pgrx 0.19.1；PG14-18
2026-07-24,pgnodemx,1.7,2.0.1,pkg 2.0.1; SQL 2.0; PG14-18; cgroup-safe,包 2.0.1；SQL 2.0；PG14-18；cgroup 安全
2026-07-24,pgrdf,0.6.4,0.6.20,pgrx 0.19.1; PG14-18,pgrx 0.19.1；PG14-18
2026-07-24,pgsentinel,1.4.1,1.4.2,RPM 1.4.2; DEB 1.4.0; U26 1.4.1; PG14-18,RPM 1.4.2；DEB 1.4.0；U26 1.4.1；PG14-18
2026-07-24,pgsmcrypto,0.1.1,0.1.1,pgrx 0.19.1; PG14-18,pgrx 0.19.1；PG14-18
2026-07-24,pgspider_ext,1.3.0,1.3.0,+RPM PG14-18; PG18 compatible; 10 DEB: +PG18; PG15-18,+RPM PG14-18；兼容 PG18；10 个 DEB：+PG18；支持 PG15-18
2026-07-24,pgsqlmock,,1.0.1,PG14-18,PG14-18
2026-07-24,pgvector,0.8.4,0.8.5,PG14-18,PG14-18
2026-07-24,pgvectorscale,0.9.0,0.9.0,pgrx 0.19.1; PG14-18,pgrx 0.19.1；PG14-18
2026-07-24,pgx_ulid,0.2.3,0.2.3,pgrx 0.19.1; PG14-18,pgrx 0.19.1；PG14-18
2026-07-24,pllua,2.0.12,2.0.12,6 EL: +PG18; EL8 aarch64: +PG14-15; +RPM 6 EL PG14-18,6 个 EL：+PG18；EL8 aarch64：+PG14-15；+RPM 6 个 EL PG14-18
2026-07-24,plpgsql_check,2.9.2,2.10.1,PG14-18,PG14-18
2026-07-24,plproxy,2.11.0,2.12.0,PG14-18,PG14-18
2026-07-24,plprql,18.0.1,18.0.1,pgrx 0.19.1; PG14-18,pgrx 0.19.1；PG14-18
2026-07-24,plx,,1.3.1,PG14-18,PG14-18
2026-07-24,powa,5.1.2,5.2.0,DEB 5.2.0; RPM 5.1.0; PG14-18,DEB 5.2.0；RPM 5.1.0；PG14-18
2026-07-24,provsql,1.10.0,1.11.0,PG14-18,PG14-18
2026-07-24,rdkit,202503.6,202503.6,"202303.3; EL8/9, D12/U22; PG14-18; D12/U22 PG17-18: 202303.3; U26 PG14-17: 202503.6; runtimes unchanged",202303.3；EL8/9、D12/U22；PG14-18；D12/U22 PG17-18：202303.3；U26 PG14-17：202503.6；运行时不变
2026-07-24,re2,0.3.0,0.4.1,PG16-18,PG16-18
2026-07-24,snowflake,2.4,2.5.0,pgEdge; PG15-18,pgEdge；PG15-18
2026-07-24,spock,5.0.6,5.0.10,pgEdge; PG15-18,pgEdge；PG15-18
2026-07-24,sqlite_fdw,2.5.0,2.5.0,"RPM r3: +PG18, EL8 SQLite; PG14-18; 10 DEB: +PG18; PG14-18",RPM r3：+PG18、兼容 EL8 SQLite；PG14-18；10 个 DEB：+PG18；支持 PG14-18
2026-07-24,sslutils,1.4,1.4,"EL8 RPM PG18, 2 arch",EL8 双架构 RPM PG18
2026-07-24,system_stats,4.0,4.1,PG14-18; 10 DEB targets,PG14-18；10 个 DEB 目标
2026-07-24,tdigest,1.4.3,1.4.4,PG14-18,PG14-18
2026-07-24,timescaledb,2.28.2,2.28.3,PG15-18: 2.28.3; PG14: 2.19.3; 6 EL,PG15-18：2.28.3；PG14：2.19.3；6 个 EL
2026-07-24,timescaledb_toolkit,1.23.0,1.23.0,pgrx 0.19.1; PG15-18,pgrx 0.19.1；PG15-18
2026-07-24,vchord,1.1.1,1.1.1,pgrx 0.19.1; PG14-18,pgrx 0.19.1；PG14-18
2026-07-24,vchord_bm25,0.3.0,0.3.0,pgrx 0.19.1; PG14-18,pgrx 0.19.1；PG14-18
2026-07-24,wal2mongo,1.0.7,1.0.7,+RPM PG14-18; PG17-18 compatible; 10 DEB: +PG17-18; PG14-18,+RPM PG14-18；兼容 PG17-18；10 个 DEB：+PG17-18；支持 PG14-18
2026-07-24,wrappers,0.6.1,0.6.2,pgrx 0.19.1; PG14-18,pgrx 0.19.1；PG14-18
2026-07-07,agensgraph-17,2.16.0,2.17.0,PG 17.10,PG 17.10
2026-07-07,babelfish-17,5.4.0,5.4.0,PG 17.7,PG 17.7
2026-07-07,babelfish-18,,6.0.0,PG 18.3,PG 18.3
2026-07-07,cloudberry,2.1.0-2,2.1.0-3,"/usr/cloudberry; rebuild; RPM 2.1.0-3, DEB 2.1.0-2",/usr/cloudberry；重构建；RPM 2.1.0-3，DEB 2.1.0-2
2026-07-07,cloudberry_backup,2.1.0-2,2.1.0-3,"/usr/cloudberry/bin; backup; RPM 2.1.0-3, DEB 2.1.0-2",/usr/cloudberry/bin；backup；RPM 2.1.0-3，DEB 2.1.0-2
2026-07-07,cloudberry_pxf,2.1.0-2,2.1.0-3,"/usr/cloudberry-pxf; PXF; RPM 2.1.0-3, DEB 2.1.0-2",/usr/cloudberry-pxf；PXF；RPM 2.1.0-3，DEB 2.1.0-2
2026-07-07,ivorysql-18,,5.4,PG 18,PG 18
2026-07-07,openhalodb-14,1.0-beta,1.0-2,OpenHaloDB,OpenHaloDB
2026-07-07,orioledb-16,1.8-beta16,1.8-beta16,PG 16,PG 16
2026-07-07,orioledb-17,1.8-beta16,1.8-beta16,PG 17,PG 17
2026-07-07,orioledb-18,1.8-beta16,1.8-beta16,PG 18,PG 18
2026-07-07,pgedge-15,,15.18,Spock 5.0.10,Spock 5.0.10
2026-07-07,pgedge-16,,16.14,Spock 5.0.10,Spock 5.0.10
2026-07-07,pgedge-17,17.9,17.10,Spock 5.0.10,Spock 5.0.10
2026-07-07,pgedge-18,18.3,18.4,Spock 5.0.10,Spock 5.0.10
2026-07-07,polardb-17,,17.10.1.0,PG 17,PG 17
2026-07-01,citus,14.0.0-4,14.1.0,PG 16-18,PG 16-18
2026-07-01,documentdb,0.112,0.113,PG 15-18,PG 15-18
2026-07-01,pg_biscuit,2.3.0,2.4.1,PG 16-18,PG 16-18
2026-07-01,pg_ivm,1.14,1.15,PG 14-18,PG 14-18
2026-07-01,pg_roaringbitmap,1.1.0,1.2.0-2,"PG 14-18, llvm-lto packaging fix",PG 14-18，llvm-lto 打包修复
2026-07-01,pgmnemo,0.8.3,0.12.1,PG 14-18,PG 14-18
2026-07-01,pgvector,0.8.3,0.8.4,PG 14-18,PG 14-18
2026-07-01,plpgsql_check,2.9.1,2.9.2,PG 14-18,PG 14-18
2026-07-01,rdf_fdw,2.5.0,2.6.0,"PG 14-18, libcurl compatibility patch",PG 14-18，libcurl 兼容补丁
2026-07-01,timescaledb,2.28.0,2.28.2,PG 15-18,PG 15-18
2026-06-18,age,1.7.0,1.7.0,"PG 17-18, RPM rename to age_$v; PG 17-18",PG 17-18，RPM 包名改为 age_$v；PG 17-18
2026-06-18,db2fce,,0.0.17,"new, PG 14-18",新增，PG 14-18
2026-06-18,documentdb,0.110,0.112,PG 15-18,PG 15-18
2026-06-18,etcd_fdw,0.0.0,0.0.1,"PG 14-18, pgrx 0.18.1",PG 14-18，pgrx 0.18.1
2026-06-18,mongo_fdw,,5.5.3,"new, PG 14-18",新增，PG 14-18
2026-06-18,multicorn,,3.2,"new, PG 14-18",新增，PG 14-18
2026-06-18,orioledb,1.7-beta15,1.8-beta16,"Build for PG 16, 17, 18",为 PG 16、17、18 构建
2026-06-18,passwordpolicy,,2.0.5,"new, PG 14-18",新增，PG 14-18
2026-06-18,pg_anon,3.0.13,3.1.1,"PG 14-18, pgrx 0.18.1",PG 14-18，pgrx 0.18.1
2026-06-18,pg_biscuit,2.2.2,2.3.0,PG 16-18,PG 16-18
2026-06-18,pg_clickhouse,0.3.1,0.3.2,PG 14-18,PG 14-18
2026-06-18,pg_ducklake,,1.0.0,"new, PG 14-18",新增，PG 14-18
2026-06-18,pg_graphql,1.5.12,1.6.1,"PG 14-18, pgrx 0.18.1",PG 14-18，pgrx 0.18.1
2026-06-18,pg_gzip,1.0.0,1.1.0,"PG 14-18, RPM rename to pgsql_gzip_$v; PG 14-18",PG 14-18，RPM 包名改为 pgsql_gzip_$v；PG 14-18
2026-06-18,pg_http,1.7.0,1.7.1,"PG 14-18, RPM rename to pgsql_http_$v; PG 14-18",PG 14-18，RPM 包名改为 pgsql_http_$v；PG 14-18
2026-06-18,pg_kazsearch,2.0.0,2.2.0,"PG 16-18, pgrx 0.18.1",PG 16-18，pgrx 0.18.1
2026-06-18,pg_mockable,,1.1.0,"new, PG 14-18",新增，PG 14-18
2026-06-18,pg_session_jwt,0.4.0,0.5.0,"PG 14-18, pgrx 0.18.1",PG 14-18，pgrx 0.18.1
2026-06-18,pg_stat_backtrace,,1.0.0,"new, PG 14-18, libunwind",新增，PG 14-18，libunwind
2026-06-18,pg_timeseries,0.2.0,0.2.1,PG 14-18,PG 14-18
2026-06-18,pg_tzf,0.2.4,0.3.0,"PG 14-18, pgrx 0.18.1",PG 14-18，pgrx 0.18.1
2026-06-18,pg_vectorize,0.26.1,0.26.2,"PG 14-18, pgrx 0.18.1",PG 14-18，pgrx 0.18.1
2026-06-18,pgdisablelogerror,,1.0,"new, PG 14-18",新增，PG 14-18
2026-06-18,pgfincore,1.3.1,1.4.0,"PG 14-18, RPM only",PG 14-18，仅 RPM
2026-06-18,pglinter,1.1.2,2.0.0,"PG 14-18, pgrx 0.18.1",PG 14-18，pgrx 0.18.1
2026-06-18,pgmqtt,0.1.0,0.3.0,"PG 14-18, pgrx 0.18.1",PG 14-18，pgrx 0.18.1
2026-06-18,pgrdf,0.5.0,0.6.4,"PG 14-17, pgrx 0.18.1",PG 14-17，pgrx 0.18.1
2026-06-18,pgvector,0.8.2,0.8.3,PG 14-18,PG 14-18
2026-06-18,plpgsql_wrap,,1.0,"new, PG 14-18",新增，PG 14-18
2026-06-18,provsql,1.9.0,1.10.0,PG 14-18,PG 14-18
2026-06-18,timescaledb,2.27.2,2.28.0,PG 15-18,PG 15-18
2026-06-18,timescaledb_toolkit,1.22.0,1.23.0,"PG 15-18, pgrx 0.18.1",PG 15-18，pgrx 0.18.1
2026-06-18,toastinfo,1.6,1.7,"PG 14-18, RPM only",PG 14-18，仅 RPM
2026-06-18,wrappers,0.6.0,0.6.1,"PG 14-18, pgrx 0.18.1",PG 14-18，pgrx 0.18.1
2026-06-12,firebird_fdw,1.4.1,1.4.2,PG 14-18,PG 14-18
2026-06-12,fsm_core,,1.1.0,"new, PG 15-18",新增，PG 15-18
2026-06-12,pg_background,1.9.2,2.0,PG 14-18,PG 14-18
2026-06-12,pg_clickhouse,0.3.0,0.3.1,PG 14-18,PG 14-18
2026-06-12,pg_dirtyread,2.7,2.8,"PG 14-18, RPM only",PG 14-18，仅 RPM
2026-06-12,pg_extra_time,,2.1.0,"new, PG 14-18",新增，PG 14-18
2026-06-12,pg_net,0.20.2,0.20.3,"PG 14-18, EL10 only",PG 14-18，仅 EL10
2026-06-12,pg_orca,,1.0.0,"new, PG 18 only",新增，仅 PG 18
2026-06-12,pg_pinyin,,0.0.4,"new, PG 14-18",新增，PG 14-18
2026-06-12,pg_projection,,1.0.0,"new, PG 14-18",新增，PG 14-18
2026-06-12,pg_search,0.23.1,0.24.0,PG 15-18,PG 15-18
2026-06-12,pg_sorted_heap,,0.14.0,"new, PG 16-18",新增，PG 16-18
2026-06-12,pg_stat_ch,0.3.6,0.3.6,"PG 16-18, EL9/EL10 only, rebuild",PG 16-18，仅 EL9/EL10，重建
2026-06-12,pg_stl,,1.0.0,"new, PG 16-18",新增，PG 16-18
2026-06-12,pg_task,,2.1.29,"new, PG 14-18, pcre2grep fix",新增，PG 14-18，pcre2grep fix
2026-06-12,pg_trickle,0.40.0,0.81.0,PG 18 only,仅 PG 18
2026-06-12,pg_uuid_v8,,1.0.0,"new, PG 14-18",新增，PG 14-18
2026-06-12,pggraph,0.1.5,0.1.7,PG 14-18,PG 14-18
2026-06-12,pgmnemo,0.7.2,0.8.3,PG 14-18,PG 14-18
2026-06-12,pgsql_tweaks,1.0.2,1.0.3,PG 14-18,PG 14-18
2026-06-12,plpgsql_check,2.9.0,2.9.1,PG 14-18,PG 14-18
2026-06-12,provsql,1.8.0,1.9.0,PG 14-18,PG 14-18
2026-06-12,re2,0.1.1,0.3.0,PG 16-18,PG 16-18
2026-06-12,storage_engine,2.3.0,2.4.0,PG 15-18,PG 15-18
2026-06-12,timescaledb,2.27.0,2.27.2,PG 15-18,PG 15-18
2026-06-12,toastinfo,1.5,1.6,"PG 14-18, RPM only",PG 14-18，仅 RPM
2026-05-15,pg_clickhouse,0.2.0,0.3.0,"PGXN bump, ClickHouse query integration",PGXN 更新，ClickHouse 查询集成
2026-05-15,pg_textsearch,1.1.0,1.2.0,"Timescale BM25 full-text search, PG 17-18",Timescale BM25 全文搜索扩展更新，PG 17-18
2026-05-15,pgclone,4.0.0,4.3.2,"PGXN bump, PG 14-18",PGXN 更新，PG 14-18
2026-05-15,provsql,1.2.3,1.4.0,"PGXN bump, provenance and uncertainty engine",PGXN 更新，数据溯源与不确定性管理引擎
2026-05-15,psql_bm25s,,0.4.13,"new BM25 lexical retrieval extension, PG 17-18",新增 BM25 词法检索扩展，PG 17-18
2026-05-15,storage_engine,1.3.4,2.3.0,"PGXN 2.x bump, PG 15-18",PGXN 2.x 更新，PG 15-18
2026-05-15,timescaledb,2.26.4,2.27.0,"TimescaleDB TSL minor update, PG 15-18",TimescaleDB TSL 小版本更新，PG 15-18
2026-05-01,lolor,1.2.2,1.2.2,rebuilt for PG 18,针对 18 重新构建
2026-05-01,pg_bikram_sambat,,0.1.0,"new, Bikram Sambat date type and AD/BS conversion; new Bikram Sambat date type and AD/BS conversions",新增，尼泊尔 Bikram Sambat 日期类型与 AD/BS 转换函数；新增 Bikram Sambat 日期类型与 AD/BS 转换函数
2026-05-01,pg_pathcheck,,0.9.1,"new, PG 17-18, requires preload; new planner Path diagnostics module, PG 17-18, shared_preload_libraries required",新增，PG 17-18，需通过 shared_preload_libraries 加载；新增 planner Path 诊断模块，PG 17-18，需 shared_preload_libraries
2026-05-01,pg_savior,0.0.1,0.1.0,"DDL/DML safety hook, preload or LOAD; PGXN update, high-risk DDL/DML hook, preload or LOAD required",高风险 DDL/DML 防护 hook，需 preload 或 LOAD；PGXN 更新，防误删/高风险 DDL/DML hook，需 preload 或 LOAD
2026-05-01,pg_textsearch,1.0.0,1.1.0,"Timescale BM25 full-text search, PG 17-18, requires preload; Timescale BM25 full-text search update, PG 17-18, shared_preload_libraries required",Timescale BM25 全文搜索扩展更新，PG 17-18，需 preload；Timescale BM25 全文搜索更新，PG 17-18，需 shared_preload_libraries
2026-05-01,pg_trickle,0.31.0,0.40.0,"Rust/pgrx bump, PG 18 only; Rust/pgrx update, PG 18 only",Rust/pgrx 更新，仅支持 PG 18；Rust/pgrx 更新，仅 PG 18
2026-05-01,pgedge,17.9,18.3,rebuilt for PG 18,针对 18 重新构建
2026-05-01,pgproto,0.3.3,0.5.0,"PGXN bump, native Protobuf support; PGXN update, native Protobuf support, C/PGXS build",PGXN 更新，原生 Protobuf 支持；PGXN 更新，原生 Protobuf 支持，C/PGXS 构建
2026-05-01,snowflake,2.4,2.4,rebuilt for PG 18,针对 18 重新构建
2026-05-01,spock,5.0.5,5.0.6,rebuilt for PG 18,针对 18 重新构建
2026-05-01,storage_engine,1.2.3,1.3.4,"PGXN bump, table access method for row/column compression; PGXN update, columnar and row-compressed table access methods",PGXN 更新，列式/行压缩 table access method；PGXN 更新，列式与行压缩 table access method
2026-05-01,timescaledb,2.26.3,2.26.4,TimescaleDB TSL minor update; TSL minor update,TimescaleDB TSL 小版本更新；TSL 小版本更新
2026-04-25,credcheck,4.6,4.7,"bump, PG 14-18, PGDG",升级，PG 14-18，PGDG
2026-04-25,documentdb,0.109,0.110,"bump to upstream, PG 15-18",升级到上游版本，PG 15-18
2026-04-25,parray_gin,1.4.0,1.5.0,"bump, PG 14-18",升级，PG 14-18
2026-04-25,pg_accumulator,,1.1.3,"new, PG 14-18",新增，PG 14-18
2026-04-25,pg_dbms_job,1.5,2.0,"bump, PG 14-18, PGDG",升级，PG 14-18，PGDG
2026-04-25,pg_ivm,1.13,1.14,"bump, PG 14-18",升级，PG 14-18
2026-04-25,pg_prefix,1.2.10,1.2.11,"bump, PG 14-18, PGDG",升级，PG 14-18，PGDG
2026-04-25,pg_search,0.23.0,0.23.1,"bump, PG 15-18, pgrx 0.18.0",升级，PG 15-18，pgrx 0.18.0
2026-04-25,pg_trickle,0.20.0,0.31.0,"bump, PG 18 only, pgrx 0.18.0",升级，仅 PG 18，pgrx 0.18.0
2026-04-25,pgmq,1.11.0,1.11.1,"bump, PG 14-18",升级，PG 14-18
2026-04-25,rdf_fdw,2.4.0,2.5.0,"bump, PG 14-18",升级，PG 14-18
2026-04-25,storage_engine,1.0.7,1.2.3,"bump, PG 14-18",升级，PG 14-18
2026-04-19,cloudberry,2.0.0,2.1.0-2,"bump to 2.1.0, release 2 fixes initdb errno issue; bump, split backup and PXF subpackages; RPM 2.1.0-2, DEB 2.1.0",升级到 2.1.0，release 2 修复 initdb errno 问题；升级，并拆分 backup / pxf 子包；RPM 2.1.0-2，DEB 2.1.0
2026-04-19,cloudberry_backup,,2.1.0-2,"new companion package; RPM 2.1.0-2, DEB 2.1.0",新增 Cloudberry 备份工具包；新增配套子包；RPM 2.1.0-2，DEB 2.1.0
2026-04-19,cloudberry_pxf,,2.1.0-2,"new companion package; RPM 2.1.0-2, DEB 2.1.0",新增 Cloudberry PXF 包；新增配套子包；RPM 2.1.0-2，DEB 2.1.0
2026-04-19,orioledb,beta14,beta15,"paired with OriolePG 17.18; bump, paired with oriolepg 17.18; RPM beta15, DEB 1.7",配套 OriolePG 17.18；升级，配套 oriolepg 17.18；RPM beta15，DEB 1.7
2026-04-19,oriolepg,17.16,17.18,kernel patchset update; kernel update for orioledb beta15 / 1.7,内核补丁集更新；内核升级，适配 orioledb beta15/1.7
2026-04-19,pg_clickhouse,0.1.10,0.2.0,bump,升级
2026-04-19,pg_search,0.22.6,0.23.0,bump,升级
2026-04-19,pg_stat_ch,0.3.4,0.3.6,"EL9+ only; bump, PG 16-18",仅支持 EL9+；升级，PG 16-18
2026-04-19,pg_trickle,0.17.0,0.20.0,"PG 18 only; bump, PG 18 only",仅支持 PG 18；升级，仅 PG 18
2026-04-19,pgclone,3.6.0,4.0.0,bump,升级
2026-04-19,pgproto,0.2.4,0.3.3,bump,升级
2026-04-19,pgxicor,0.1.0,0.1.1,bump,升级
2026-04-19,re2,,0.1.1,"new, PG 16-18",新增，PG 16-18
2026-04-19,storage_engine,,1.0.7,"new, PG 14-18",新增，PG 14-18
2026-04-19,timescaledb,2.26.2,2.26.3,bump,升级
2026-04-19,ulak,,0.0.2,"new, PG 14-18",新增，PG 14-18
2026-04-14,block_copy_command,,0.1.5,"new, PG 14-18, pgrx 0.17.0",新增，PG 14-18，Rust/pgrx 0.17.0
2026-04-14,datasketches,,1.7.0,"new, PG 14-18",新增，PG 14-18
2026-04-14,ddl_historization,0.0.7,0.2,bump,升级
2026-04-14,external_file,,1.2,"new, PG 14-18",新增，PG 14-18
2026-04-14,logical_ddl,,0.1.0,"new, PG 14-18",新增，PG 14-18
2026-04-14,nominatim_fdw,1.1.0,1.2,bump,升级
2026-04-14,one_sparse,,1.0.0,"new, PG 18 only",新增，仅 PG 18
2026-04-14,parray_gin,,1.4.0,"new, PG 14-18",新增，PG 14-18
2026-04-14,pg_anon,3.0.1,3.0.13,"bump, pgrx 0.16.1 -> 0.17.0",升级，Rust/pgrx 0.16.1 -> 0.17.0
2026-04-14,pg_background,1.8,1.9.2,bump,升级
2026-04-14,pg_byteamagic,,0.2.4,"new, PG 14-18",新增，PG 14-18
2026-04-14,pg_cardano,1.1.1,1.2.0,"bump, pgrx 0.17.0",升级，Rust/pgrx 0.17.0
2026-04-14,pg_clickhouse,0.1.5,0.1.10,bump,升级
2026-04-14,pg_datasentinel,,1.0,"new, PG 15-18",新增，PG 15-18
2026-04-14,pg_dispatch,,0.1.5,"new, PG 14-18",新增，PG 14-18
2026-04-14,pg_failover_slots,1.2.0,1.2.1,bump,升级
2026-04-14,pg_fsql,,1.1.0,"new, PG 14-18",新增，PG 14-18
2026-04-14,pg_incremental,1.4.1,1.5.0,bump,升级
2026-04-14,pg_isok,,1.4.1,"new, PG 14-18",新增，PG 14-18
2026-04-14,pg_ivm,1.13,1.14,bump,升级
2026-04-14,pg_kazsearch,,2.0.0,"new, PG 16-18, pgrx 0.17.0",新增，PG 16-18，Rust/pgrx 0.17.0
2026-04-14,pg_liquid,,0.1.7,"new, PG 14-18",新增，PG 14-18
2026-04-14,pg_query_rewrite,,0.0.5,"new, PG 14-18",新增，PG 14-18
2026-04-14,pg_regresql,,2.0.0,"new, PG 14-18",新增，PG 14-18
2026-04-14,pg_rrf,,0.0.3,"new, PG 14-17, pgrx 0.16.1 -> 0.17.0",新增，PG 14-17，Rust/pgrx 0.16.1 -> 0.17.0
2026-04-14,pg_search,0.22.2,0.22.6,bump,升级
2026-04-14,pg_slug_gen,,1.0.0,"new, PG 15-18",新增，PG 15-18
2026-04-14,pg_stat_ch,,0.3.4,"new, PG 16-18",新增，PG 16-18
2026-04-14,pg_store_plans,1.9,1.10,bump,升级
2026-04-14,pg_strict,1.0.3,1.0.5,"bump, pgrx 0.16.1 -> 0.17.0",升级，Rust/pgrx 0.16.1 -> 0.17.0
2026-04-14,pg_text_semver,,1.2.1,"new, PG 14-18",新增，PG 14-18
2026-04-14,pg_textsearch,0.5.0,1.0.0,bump,升级
2026-04-14,pg_trickle,0.16.0,0.17.0,"bump, pgrx 0.17.0",升级，Rust/pgrx 0.17.0
2026-04-14,pg_tzf,0.2.3,0.2.4,"bump, pgrx 0.17.0",升级，Rust/pgrx 0.17.0
2026-04-14,pg_variables,,1.2.5,"new, PG 14-18",新增，PG 14-18
2026-04-14,pg_vectorize,0.26.0,0.26.1,"bump, pgrx 0.16.1 -> 0.17.0",升级，Rust/pgrx 0.16.1 -> 0.17.0
2026-04-14,pg_when,,0.1.9,"new, PG 14-18, pgrx 0.17.0",新增，PG 14-18，Rust/pgrx 0.17.0
2026-04-14,pgbson,,2.0.2,"new, PG 14-18",新增，PG 14-18
2026-04-14,pgcalendar,,1.1.0,"new, PG 14-18",新增，PG 14-18
2026-04-14,pgclone,,3.6.0,"new, PG 14-18",新增，PG 14-18
2026-04-14,pgelog,,1.0.2,"new, PG 14-18",新增，PG 14-18
2026-04-14,pghydro,,6.6,"new, PG 14-18",新增，PG 14-18
2026-04-14,pglinter,1.1.1,1.1.2,"bump, pgrx 0.16.1 -> 0.17.0",升级，Rust/pgrx 0.16.1 -> 0.17.0
2026-04-14,pglock,,1.0.0,"new, PG 14-18",新增，PG 14-18
2026-04-14,pgmqtt,,0.1.0,"new, PG 14-18, pgrx 0.16.1 -> 0.17.0",新增，PG 14-18，Rust/pgrx 0.16.1 -> 0.17.0
2026-04-14,pgproto,,0.2.4,"new, PG 14-18",新增，PG 14-18
2026-04-14,pgx_ulid,0.2.2,0.2.3,"bump, pgrx 0.17.0",升级，Rust/pgrx 0.17.0
2026-04-14,plv8,3.2.4,3.2.4-2,fix el10 build,fix el10 build
2026-04-14,polardb,15.15,17.9.1.0,PG 15 -> 17,PG 15 -> 17
2026-04-14,provsql,,1.2.3,"new, PG 14-18",新增，PG 14-18
2026-04-14,rdf_fdw,,2.4.0,"new, PG 14-18",新增，PG 14-18
2026-04-14,rdkit,,202503.6,"new, PG 14-18",新增，PG 14-18
2026-04-14,supautils,3.1.0,3.2.1,bump,升级
2026-04-14,system_stats,3.2,4.0,bump,升级
2026-04-14,timescaledb,2.25.2,2.26.2,bump,升级
2026-04-14,wrappers,0.5.7,0.6.0,"bump, pgrx 0.16.1 -> 0.17.0",升级，Rust/pgrx 0.16.1 -> 0.17.0
2026-03-21,pdu,,3.0.25.12,new,新增
2026-03-21,pg_clickhouse,0.1.4,0.1.5,,
2026-03-21,pg_search,0.21.12,0.22.2,,
2026-03-21,pg_track_optimizer,0.9.1,0.9.2,,
2026-03-21,pg_ttl_index,2.0.0,3.0.0,,
2026-03-21,pgcollection,1.0.0,2.0.0,,
2026-03-21,pgdog,,0.1.32,new,新增
2026-03-21,pgsentinel,1.4.0,1.4.1,rpm only,仅更新 rpm
2026-03-05,aggs_for_vecs,1.4.0,1.4.1,"upstream bump, PG 14-18",上游版本升级，PG 14-18
2026-03-05,pg_eviltransform,,0.0.2,"new extension; new package, version aligned",新增扩展；新增扩展包，并对齐版本号
2026-03-05,pg_pinyin,,0.0.2,"new extension; new package, PG 14-18",新增扩展；新增扩展包，PG 14-18
2026-03-05,pg_qos,,1.0.0,"new extension, QoS resource governor; new package, PG 15-18",新增扩展，QoS 资源治理；新增扩展包，PG 15-18
2026-03-05,pg_search,0.21.9,0.21.12,,
2026-03-05,timescaledb,2.25.1,2.25.2,"upstream bump, PG 15-18",上游版本升级，PG 15-18
2026-03-05,vchord,1.1.0,1.1.1,"add clang build requirement; upstream bump, PG 14-18",新增 clang 构建依赖；上游版本升级，PG 14-18
2026-03-05,vchord_bm25,0.3.0-1,0.3.0-2,"packaging fix, PG 14-18",打包修复，PG 14-18
2026-02-27,age,1.7.0,1.7.0,added PG 17 build for 1.7.0,新增 PG 17 的 1.7.0 版本支持
2026-02-27,antlr4_runtime413,,4.13,new runtime dependency for Babelfish,新增 Babelfish 依赖运行时
2026-02-27,babelfish,,5.5.0,new Babelfish compatibility package,新增 Babelfish 兼容包
2026-02-27,babelfishpg,,5.5.0,new BabelfishPG package group,新增 BabelfishPG 包组
2026-02-27,citus,14.0.0-3,14.0.0-4,rebuilt with latest official release,使用最新官方版本重新构建
2026-02-27,cloudberry,,2.0.0,new package,新增包
2026-02-27,lolor,,1.2.2,"new, pgEdge core extension",新增，pgEdge 核心扩展
2026-02-27,openhalo,14.10,1.0,"updated and renamed, 14.18",更新并重命名，14.18
2026-02-27,orioledb,beta12,beta14,paired with OriolePG 17.16,配套 OriolePG 17.16
2026-02-27,oriolepg,17.11,17.16,OriolePG kernel update,OriolePG 内核更新
2026-02-27,pg_background,,1.8,"DEB only, no RPM package",仅提供 DEB 包，没有 RPM
2026-02-27,pg_search,0.21.7,0.21.9,direct download usage,直接下载使用
2026-02-27,pgedge,,17.9,new multi-master edge kernel,新增多主边缘分布式内核
2026-02-27,pgmq,1.10.0,1.10.1,package unavailable for now,当前没有该扩展包
2026-02-27,snowflake,,2.4,"new, pgEdge core extension",新增，pgEdge 核心扩展
2026-02-27,spock,,5.0.5,"new, pgEdge core extension",新增，pgEdge 核心扩展
2026-02-27,timescaledb,2.25.0,2.25.1,,
2026-02-12,citus,14.0.0-2,14.0.0-3,official tag release,官方正式 tag 发布
2026-02-12,nominatim_fdw,,1.1.0,"new, synced with PGDG YUM; new, sync with pgdg yum repo",新增，与 PGDG YUM 同步
2026-02-12,pg_anon,2.5.1,3.0.1,,
2026-02-12,pg_bigm,1.2-20240606,1.2-20250903,,
2026-02-12,pg_graphql,1.5.12-1,1.5.12-2,switch to official release,切换至官方版本；切换至官方 release
2026-02-12,pg_incremental,1.2.0,1.4.1,,
2026-02-12,pg_jsonschema,0.3.3,0.3.4,,
2026-02-12,pg_math,1.0,1.1.0,,
2026-02-12,pg_net,0.20.0,0.20.2,el8/el9 libcurl too low; ubuntu22 libcurl too low,el8/el9 libcurl 版本过低；ubuntu22 libcurl 版本过低
2026-02-12,pg_readonly,1.0.3,1.0.4,,
2026-02-12,pg_roaringbitmap,0.5.5,1.1.0,moved to PGDG,交由 PGDG
2026-02-12,pg_search,0.21.4,0.21.7,"manual build for el8; RPM 0.21.7, DEB 0.21.6",针对 el8 手工构建；RPM 0.21.7，DEB 0.21.6
2026-02-12,pg_strict,,1.0.2,new Rust extension,新增 Rust 扩展
2026-02-12,pg_summarize,0.0.1-2,0.0.1-3,rebuild to fix pg18 issue,重新构建，修复 pg18 问题
2026-02-12,pg_textsearch,0.4.0,0.5.0,,
2026-02-12,pg_track_optimizer,,0.9.1,new extension,新增扩展
2026-02-12,pg_uint128,1.1.1,1.2.0,,
2026-02-12,pg_uri,1.20151224,1.20251029,,
2026-02-12,pg_utl_smtp,,1.0.0,"new, synced with PGDG YUM; new, sync with pgdg yum repo",新增，与 PGDG YUM 同步
2026-02-12,pgcollection,1.1.0,1.1.1,patched for concurrent build,补丁修复并发构建问题
2026-02-12,pglinter,1.0.1,1.1.0,,
2026-02-12,pgmb,,1.0.0,new extension,新增扩展
2026-02-12,pgmq,1.9.0,1.10.0,dependency fixes,修复依赖关系
2026-02-12,pgsentinel,1.3.1,1.4.0,,
2026-02-12,pljs,1.0.4,1.0.5,,
2026-02-12,plprql,18.0.0,18.0.1,,
2026-02-12,sslutils,1.4-1,1.4-2,el8.pg18 build failure,el8.pg18 无法编译
2026-02-12,supautils,3.0.2,3.1.0,,
2026-02-12,table_version,1.11.0,1.11.1,,
2026-02-12,timescaledb,2.24.0,2.25.0,,
2026-02-12,timestamp9,1.4.0-1,1.4.0-2,rebuild to fix deps,重新构建，修复依赖问题
2026-02-12,vchord,1.0.0,1.1.0,updated to pgrx 0.17.0,更新至 pgrx 0.17.0
2026-01-25,age,1.6.0,1.7.0,PG 18 only,仅支持 PG 18
2026-01-25,citus,14.0.0-1PIGSTY,14.0.0-2PIGSTY,official branch release,官方分支版本
2026-01-25,pg_clickhouse,0.1.2,0.1.3,,
2026-01-25,pg_search,0.21.2,0.21.4,,
2026-01-25,pgmq,1.8.1,1.9.0,,
2026-01-16,age,1.5.0,1.6.0,+pg18 use PGDG,+pg18 PGDG
2026-01-16,citus,13.2.0,14.0.0,"+pg18, pre-release",+pg18，预发布
2026-01-16,documentdb,0.107,0.109,"+pg18, use ms version","+pg18，使用微软版本；+pg18, 使用微软版本"
2026-01-16,etcd_fdw,,0.0.0,new,新增
2026-01-16,mobilitydb,,1.3.0,new,新增
2026-01-16,pg_biscuit,2.0.1,2.2.2,,
2026-01-16,pg_bulkload,3.1.22,3.1.23,+pg18,+pg18
2026-01-16,pg_clickhouse,0.1.0,0.1.2,,
2026-01-16,pg_convert,0.0.5,0.1.0,,
2026-01-16,pg_partman,5.3.1,5.4.0,use PGDG,PGDG
2026-01-16,pg_search,0.20.5,0.21.2,+pg18,+pg18
2026-01-16,pg_textsearch,0.1.0,0.4.0,,
2026-01-16,pg_timeseries,0.1.8,0.2.0,,
2026-01-16,pg_ttl_index,,0.1.0,new,新增
2026-01-16,pgfincore,,1.3.1,+pg18; use PGDG,+pg18；PGDG
2026-01-16,pgmq,1.8.0,1.8.1,,
2026-01-16,pgsentinel,1.3.0,1.3.1,use PGDG,PGDG
2026-01-16,pljs,,1.0.4,new; use PGDG,新增；PGDG
2026-01-16,rum,,1.3.15,"+pg18, new","+pg18, 新增"
2025-12-25,pg_duckdb,1.1.0,1.1.1,,
2025-12-25,pg_search,0.20.4,0.20.5,,
2025-12-25,pg_semver,0.40.0,0.41.0,,
2025-12-25,pg_summarize,0.0.1-1,0.0.1-2,fix pg18,修复 pg18
2025-12-25,pg_timeseries,0.1.7,0.1.8,,
2025-12-25,supautils,3.0.2-1,3.0.2-2,fix pg18,修复 pg18
2025-12-25,vchord_bm25,0.2.2,0.3.0,,
2025-12-16,pg_ai_query,,0.1.1,new,新扩展
2025-12-16,pg_anon,2.4.1,2.5.1,,
2025-12-16,pg_biscuit,1.0,2.0.1,new repo,新仓库
2025-12-16,pg_clickhouse,,0.1.0,new,新扩展
2025-12-16,pg_convert,0.0.4,0.0.5,rm legacy pg,移除旧版PG；移除旧版PG支持
2025-12-16,pg_duckdb,1.1.0-1,1.1.0-2,official release,官方版本
2025-12-16,pg_enigma,0.4.0,0.5.0,,
2025-12-16,pg_search,0.20.0,0.20.4,,
2025-12-16,pg_session_jwt,0.3.3,0.4.0,,
2025-12-16,pg_textsearch,,0.1.0,new,新扩展
2025-12-16,pg_tiktoken,,,fix pg18,修复 pg18
2025-12-16,pg_tzf,,,fix pg18,修复 pg18
2025-12-16,pg_vectorize,0.25.0,0.26.0,fix pg18,修复 pg18
2025-12-16,pgdd,0.6.0,0.6.1,rm legacy pg,移除旧版PG；移除旧版PG支持
2025-12-16,pglinter,1.0.0,1.0.1,,
2025-12-16,pglite_fusion,,,fix pg18,修复 pg18
2025-12-16,pgsmcrypto,,,fix pg18,修复 pg18
2025-12-16,pgx_ulid,,,fix pg18,修复 pg18
2025-12-16,plprql,,,fix pg18,修复 pg18
2025-12-16,timescaledb,2.23.1,2.24.0,,
2025-12-16,wrappers,0.5.6,0.5.7,,
2025-12-04,synchdb,,1.3,EL9 only; Ubuntu 22/24 only,EL9 only；仅支持 Ubuntu 22/24
2025-11-20,citus,13.2.0,13.2.0,official tag,official tag
2025-11-20,documentdb,0.106,0.107,ferretdb fork,ferretdb fork
2025-11-20,pg_biscuit,,1.0,"new, pg16-18","new, pg16-18"
2025-11-20,pg_enigma,,0.4.0,vonng patched pgrx version,vonng patched pgrx version
2025-11-20,pg_later,0.3.1,0.4.0,,
2025-11-20,pg_profile,4.10,4.11,,
2025-11-20,pg_retry,,1.0.0,"new, pg17-18","new, pg17-18"
2025-11-20,pg_search,0.19.5,0.20.0,resume PIGSTY building,resume PIGSTY building
2025-11-20,pg_stat_monitor,2.2.0,2.3.1,fix PGDG pg18 missing,fix PGDG pg18 missing
2025-11-20,pg_typeid,,0.3.0,head with pg18 support,head with pg18 support
2025-11-20,pg_weighted_statistics,,1.0.0,"new, pg14-18","new, pg14-18"
2025-11-20,pglinter,,1.0.0,new,new
2025-11-20,pglite_fusion,0.0.5,0.0.6,,
2025-11-20,pgmq,1.7.0,1.8.0,,
2025-11-20,pgvectorscale,0.8.0,0.9.0,"-legacy, +pg18","-legacy, +pg18"
2025-11-20,pgx_ulid,0.2.1,0.2.2,,
2025-11-20,polardb,,15.15,15.15.5.0-38948055,15.15.5.0-38948055
2025-11-20,timescaledb,2.23.0,2.23.1,,
2025-11-20,vchord,0.5.3,1.0.0,,
2025-11-10,aggs_for_arrays,1.3.3,,+pg18,+pg18
2025-11-10,aggs_for_vecs,1.4.0,,+pg18,+pg18
2025-11-10,asn1oid,1.6,,+pg18,+pg18
2025-11-10,aws_s3,0.0.1,,+pg18,+pg18
2025-11-10,chkpass,1.0,,+pg18,+pg18
2025-11-10,count_distinct,3.0.2,,+pg18,+pg18
2025-11-10,credcheck,3.0,4.2,+pg18,+pg18
2025-11-10,cryptint,1.0.0,,+pg18,+pg18
2025-11-10,data_historization,1.1.0,,+pg18,+pg18
2025-11-10,db_migrator,1.0.0,,+pg18,+pg18
2025-11-10,dbt2,0.61.7,,+pg18,+pg18
2025-11-10,ddl_historization,0.0.7,,+pg18,+pg18
2025-11-10,ddsketch,1.0.1,,+pg18,+pg18
2025-11-10,decoder_raw,1.0,,+pg18,+pg18
2025-11-10,decoderbufs,3.2.0,,+pg18,+pg18
2025-11-10,emaj,4.7.0,4.7.1,+pg18,+pg18
2025-11-10,faker,0.5.3,,+pg18,+pg18
2025-11-10,firebird_fdw,1.4.0,1.4.1,+pg18,+pg18
2025-11-10,first_last_agg,0.1.4,,+pg18,+pg18
2025-11-10,floatfile,1.3.1,,+pg18,+pg18
2025-11-10,floatvec,1.1.1,,+pg18,+pg18
2025-11-10,geoip,0.3.0,,+pg18,+pg18
2025-11-10,hashtypes,0.1.5,,+pg18,+pg18
2025-11-10,hll,2.18,,+pg18,+pg18
2025-11-10,hunspell_cs_cz,1.0,,+pg18,+pg18
2025-11-10,hunspell_de_de,1.0,,+pg18,+pg18
2025-11-10,hunspell_en_us,1.0,,+pg18,+pg18
2025-11-10,hunspell_fr,1.0,,+pg18,+pg18
2025-11-10,hunspell_ne_np,1.0,,+pg18,+pg18
2025-11-10,hunspell_nl_nl,1.0,,+pg18,+pg18
2025-11-10,hunspell_nn_no,1.0,,+pg18,+pg18
2025-11-10,hunspell_pt_pt,1.0,,+pg18,+pg18
2025-11-10,hunspell_ru_ru,1.0,,+pg18,+pg18
2025-11-10,hunspell_ru_ru_aot,1.0,,+pg18,+pg18
2025-11-10,hypopg,1.4.1,1.4.2,+pg18,+pg18
2025-11-10,imgsmlr,1.0,,+pg18,+pg18
2025-11-10,index_advisor,0.2.0,,+pg18,+pg18
2025-11-10,kafka_fdw,0.0.3,,+pg18,+pg18
2025-11-10,logerrors,2.1.3,2.1.5,+pg18,+pg18
2025-11-10,login_hook,1.7,,+pg18,+pg18
2025-11-10,mobilitydb,1.2.0,1.3.0,+pg18,+pg18
2025-11-10,mongo_fdw,5.5.1,5.5.3,+pg18,+pg18
2025-11-10,multicorn,3.0,3.2,+pg18,+pg18
2025-11-10,omni_csv,,0.1.1,new,new
2025-11-10,omni_datasets,,0.1.0,new,new
2025-11-10,omni_shmem,,0.1.0,new,new
2025-11-10,omnigres,0.2.9,0.2.14,+pg18,+pg18
2025-11-10,oracle_fdw,2.8.0,,+pg18,+pg18
2025-11-10,orafce,4.14.4,4.14.6,+pg18,+pg18
2025-11-10,periods,1.2.2,1.2.3,+pg18,+pg18
2025-11-10,pg_acl,1.0.4,,+pg18,+pg18
2025-11-10,pg_anon,2.3.0,2.4.1,+pg18,+pg18
2025-11-10,pg_arraymath,1.1,,+pg18,+pg18
2025-11-10,pg_auth_mon,3.0,,+pg18,+pg18
2025-11-10,pg_background,1.3,,+pg18,+pg18
2025-11-10,pg_base36,1.0.0,,+pg18,+pg18
2025-11-10,pg_base62,0.0.1,,+pg18,+pg18
2025-11-10,pg_bestmatch,0.0.1,0.0.2,+pg18,+pg18
2025-11-10,pg_bigm,1.2,,+pg18,+pg18
2025-11-10,pg_bzip,1.0.0,,+pg18,+pg18
2025-11-10,pg_cardano,1.0.5,1.1.1,+pg18,+pg18
2025-11-10,pg_checksums,1.1,1.3,+pg18,+pg18
2025-11-10,pg_convert,0.0.4,,+pg18,+pg18
2025-11-10,pg_country,0.0.3,,+pg18,+pg18
2025-11-10,pg_cron,1.6.7,,+pg18,+pg18
2025-11-10,pg_csv,,1.0.1,new,new
2025-11-10,pg_currency,0.0.3,,+pg18,+pg18
2025-11-10,pg_dbms_errlog,,2.2,new,new
2025-11-10,pg_duckdb,0.3.1,1.1.0,+pg18,+pg18
2025-11-10,pg_emailaddr,0,,+pg18,+pg18
2025-11-10,pg_envvar,1.0.1,,+pg18,+pg18
2025-11-10,pg_explain_ui,0.0.1,0.0.2,+pg18,+pg18
2025-11-10,pg_failover_slots,1.1.0,1.2.0,+pg18,+pg18
2025-11-10,pg_financial,1.0.1,,+pg18,+pg18
2025-11-10,pg_fio,1.0,,+pg18,+pg18
2025-11-10,pg_graphql,1.5.11,1.5.12,+pg18,+pg18
2025-11-10,pg_gzip,1.0.1,1.0.0,+pg18,+pg18
2025-11-10,pg_h3,4.1.3,4.2.3,+pg18,+pg18
2025-11-10,pg_hashlib,1.1,,+pg18,+pg18
2025-11-10,pg_hint_plan,1.7.1,1.8.0,+pg18,+pg18
2025-11-10,pg_idkit,0.3.1,0.4.0,+pg18,+pg18
2025-11-10,pg_ivm,1.11,1.13,+pg18,+pg18
2025-11-10,pg_later,0.3.0,0.3.1,+pg18,+pg18
2025-11-10,pg_mooncake,0.1.2,0.2.0,+pg18,+pg18
2025-11-10,pg_net,0.9.2,0.20.0,+pg18,+pg18
2025-11-10,pg_parquet,0.4.3,0.5.1,+pg18,+pg18
2025-11-10,pg_partman,5.2.4,5.3.1,"+pg18; RPM 5.3.1, DEB 5.3.0",+pg18；RPM 5.3.1，DEB 5.3.0
2025-11-10,pg_prefix,1.2.10,,+pg18,+pg18
2025-11-10,pg_profile,4.10,,+pg18,+pg18
2025-11-10,pg_render,0.1.2,0.1.3,+pg18,+pg18
2025-11-10,pg_roaringbitmap,0.5.4,0.5.5,+pg18,+pg18
2025-11-10,pg_rrule,,0.2.0,new,new
2025-11-10,pg_search,0.18.1,0.19.2,+pg18,+pg18
2025-11-10,pg_semver,0.32.1,0.40.0,+pg18,+pg18
2025-11-10,pg_session_jwt,0.3.1,0.3.3,+pg18,+pg18
2025-11-10,pg_show_plans,2.1.6,2.1.7,+pg18,+pg18
2025-11-10,pg_smtp_client,0.2.0,0.2.1,+pg18,+pg18
2025-11-10,pg_stat_kcache,2.3.0,,+pg18,+pg18
2025-11-10,pg_stat_monitor,2.2.0,2.3.0,+pg18,+pg18
2025-11-10,pg_statement_rollback,1.4,1.5,+pg18,+pg18
2025-11-10,pg_store_plans,1.8,1.9,+pg18,+pg18
2025-11-10,pg_task,1.0.0,2.1.12,+pg18,+pg18
2025-11-10,pg_timeseries,0.1.6,0.1.7,+pg18,+pg18
2025-11-10,pg_tle,1.5.1,1.5.2,+pg18,+pg18
2025-11-10,pg_tokenizer,0.1.0,0.1.1,+pg18,+pg18
2025-11-10,pg_tzf,0.2.2,0.2.3,+pg18,+pg18
2025-11-10,pg_uint128,1.1.0,1.1.1,+pg18,+pg18
2025-11-10,pg_uuidv7,1.6.0,1.7.0,+pg18,+pg18
2025-11-10,pg_vectorize,0.22.2,0.25.0,+pg18,+pg18
2025-11-10,pg_zstd,1.1.2,,+pg18,+pg18
2025-11-10,pgactive,2.1.6,2.1.7,+pg18,+pg18
2025-11-10,pgcollection,1.0.0,1.1.0,+pg18,+pg18
2025-11-10,pgdd,0.6.0,,+pg18,+pg18
2025-11-10,pgjwt,0.2.0,,+pg18,+pg18
2025-11-10,pglogical,2.4.5,2.4.6,+pg18,+pg18
2025-11-10,pgmp,1.0.5,,+pg18,+pg18
2025-11-10,pgmq,1.5.1,1.7.0,+pg18,+pg18
2025-11-10,pgnodemx,1.7,,+pg18,+pg18
2025-11-10,pgpcre,1,0.20190509,+pg18,+pg18
2025-11-10,pgroonga,4.0.0,4.0.4,+pg18,+pg18
2025-11-10,pgsmcrypto,0.1.0,0.1.1,+pg18,+pg18
2025-11-10,pgsodium,3.1.9,,+pg18,+pg18
2025-11-10,pgsphere,1.5.1,1.5.2,+pg18,+pg18
2025-11-10,pgsql_tweaks,0.11.3,1.0.2,+pg18,+pg18
2025-11-10,pgtap,1.3.3,,+pg18,+pg18
2025-11-10,pguint,1.20231206,1.20250815,+pg18,+pg18
2025-11-10,pgunit,7.10,,+pg18,+pg18
2025-11-10,pgx_ulid,0.2.0,0.2.1,+pg18,+pg18
2025-11-10,pldebugger,1.8,1.9,+pg18,+pg18
2025-11-10,pljava,1.6.8,1.6.10,+pg18,+pg18
2025-11-10,pljs,,1.0.3,new,new
2025-11-10,plpgsql_check,2.8.2,2.8.3,+pg18,+pg18
2025-11-10,plprofiler,4.2.5,,+pg18,+pg18
2025-11-10,plproxy,2.11.0,,+pg18,+pg18
2025-11-10,plprql,1.0.0,18.0.0,+pg18,+pg18
2025-11-10,plr,8.4.8,,+pg18,+pg18
2025-11-10,plv8,3.2.4,,+pg18,+pg18
2025-11-10,plxslt,,0.20140221,new,new
2025-11-10,pointcloud,1.2.5,,+pg18,+pg18
2025-11-10,powa,5.0.1,,+pg18,+pg18
2025-11-10,q3c,2.0.1,,+pg18,+pg18
2025-11-10,redis_fdw,1.0,,+pg18,+pg18
2025-11-10,repmgr,5.5.0,,+pg18,+pg18
2025-11-10,session_variable,3.4,,+pg18,+pg18
2025-11-10,set_user,4.1.0,,+pg18,+pg18
2025-11-10,supautils,2.10.0,3.0.2,+pg18,+pg18
2025-11-10,system_stats,3.2,,+pg18,+pg18
2025-11-10,tds_fdw,2.0.4,2.0.5,+pg18,+pg18
2025-11-10,temporal_tables,1.2.2,,+pg18,+pg18
2025-11-10,timescaledb,2.22.0,2.23.0,+pg18,+pg18
2025-11-10,timescaledb_toolkit,1.21.0,1.22.0,+pg18,+pg18
2025-11-10,topn,2.7.0,,+pg18,+pg18
2025-11-10,vchord,0.5.1,0.5.3,+pg18,+pg18
2025-11-10,vchord_bm25,0.2.1,0.2.2,+pg18,+pg18
2025-11-10,wrappers,0.5.4,0.5.6,+pg18,+pg18
2025-11-10,zhparser,2.3,,+pg18,+pg18
2025-09-06,asn1oid,1.5,1.6,+ pg18,+ pg18
2025-09-06,citus,13.1.0,13.2.0,,
2025-09-06,documentdb,0.105.0,0.106.0,work with ferretdb 2.5,work with ferretdb 2.5
2025-09-06,emaj,4.6,4.7,,
2025-09-06,icu_ext,1.9.0,1.10.0,+ pg18,+ pg18
2025-09-06,pg_curl,2.4,2.4.5,new version epoch,new version epoch
2025-09-06,pg_ddlx,0.29,0.30,+ pg18,+ pg18
2025-09-06,pg_idkit,0.3.0,0.3.1,pgrx 0.15.0,pgrx 0.15.0
2025-09-06,pg_ivm,1.11,1.12,+ pg18,+ pg18
2025-09-06,pg_parquet,0.4.0,0.4.3,pgrx 0.16.0,pgrx 0.16.0
2025-09-06,pg_rewrite,,2.0.0,+ Debian/Ubuntu (PGDG); Import from PGDG; + Debian/Ubuntu; new extension,+ Debian/Ubuntu (PGDG)；Import from PGDG；+ Debian/Ubuntu；new extension
2025-09-06,pg_search,0.17.3,0.18.0,pgrx 0.15.0,pgrx 0.15.0
2025-09-06,pg_tle,1.5.1-1,1.5.1-2,+ pg18,+ pg18
2025-09-06,pg_tracing,,0.1.3-2,+ pg 14/18; + pg14 / pg18,+ pg 14/18；+ pg14 / pg18
2025-09-06,pg_uint128,1.0.0,1.1.0,+ pg18,+ pg18
2025-09-06,pgactive,2.1.5,2.1.6,+ pg18,+ pg18
2025-09-06,pgextwlist,1.17,1.19,+ pg18,+ pg18
2025-09-06,pgsentinel,1.1,1.2,1.2,1.2
2025-09-06,pgvector,,0.8.1,+ pg18,+ pg18
2025-09-06,redis_fdw,,,+ pg18,+ pg18
2025-09-06,table_version,1.11.0,1.11.1,,
2025-09-06,timescaledb,2.21.1,2.22.0,,
2025-09-06,toastinfo,1.5,1.6,+ pg18,+ pg18
2025-09-06,vchord,0.4.3,0.5.1,pgrx 0.16.0,pgrx 0.16.0
2025-09-06,wal2json,,1.6,+ pg18,+ pg18
2025-09-06,wrappers,0.5.3,0.5.4,pgrx 0.14.3,pgrx 0.14.3
2025-07-24,documentdb,0.104.0,0.105.0,work with ferretdb 2.4,work with ferretdb 2.4
2025-07-24,orioledb,beta11 1.4,beta12 1.5,work with oriolepg 17.11,work with oriolepg 17.11
2025-07-24,oriolepg,17.9,17.11,work with orioledb 1.5 beta12,work with orioledb 1.5 beta12
2025-07-24,pg_anon,3.1.1,2.3.0 (pgrx 0.14.3),,
2025-07-24,pg_profile,4.8.0,4.10.0,,
2025-07-24,pg_search,0.15.8,0.17.0 (download),fix el icu dependency issue,fix el icu dependency issue
2025-07-24,pgvectorscale,0.7.1,0.8.0 (pgrx 0.12.9),,
2025-07-24,plv8,3.2.3,3.2.4,,
2025-07-24,supautils,2.9.2,2.10.0,.so` location change,.so` location change
2025-07-24,timescaledb,2.20.0,2.21.1,,
2025-07-24,wrappers,0.5.0,0.5.3 (pgrx 0.14.3),pgrx version change,pgrx version change
2025-07-04,orioledb,,1.4 beta11,rebuild,rebuild
2025-07-04,pg_curl,2.4,2.4.5,,
2025-07-04,pg_stat_monitor,2.1.1,2.2.0,,
2025-07-04,pg_tle,1.5.0,1.5.1,,
2025-07-04,pgsql_tweaks,0.11.1,0.11.3,,
2025-07-04,pgvectorscale,0.7.1,0.7.1,rebuild to fix bug,rebuild to fix bug
2025-06-24,citus,13.0.3,13.1.0,,
2025-06-24,documentdb,0.103.0,0.104.0,add arm support,add arm support
2025-06-24,pgactive,,2.1.5,require pgfeutils,require pgfeutils
2025-06-24,timescaledb,2.20.0,2.21.0,,
2025-06-24,vchord,0.3.0,0.4.3,,
2025-05-26,orioledb,1.4.0b10,1.4.0b11,,
2025-05-26,pg_convert,,0.0.4,,
2025-05-26,pg_idkit,0.2.0,0.3.0,,
2025-05-26,pg_ivm,1.10.0,1.11.0,,
2025-05-26,pg_render,,0.1.2,,
2025-05-26,pg_tokenizer,,0.1.0,,
2025-05-26,pgdd,0.5.0,0.6.0,,
2025-05-26,pgx_ulid,,0.2.0,,
2025-05-22,documentdb,,0.103.0,,
2025-05-22,openhalodb,,14.10,,
2025-05-22,pg_tzf,,0.2.2,,
2025-05-22,pg_vectorize,,0.22.2,,
2025-05-22,pgsentinel,,1.1.0,,
2025-05-22,spat,,0.1.0a4,,
2025-05-22,sqlite_fdw,,2.5.0,,
2025-05-22,timescaledb,,2.20.0,,
2025-05-22,wrappers,,0.5.0,,
2025-05-07,aggs_for_vecs,,1.4.0,,
2025-05-07,citus,,12.0.3,,
2025-05-07,omnigres,,20250507,,
2025-05-07,pg_anon,,2.1.1,,
2025-05-07,pg_cardano,,1.0.5,,
2025-05-07,pg_envvar,,1.0.1,,
2025-05-07,pg_parquet,,0.4.0,,
2025-05-07,pg_search,,0.15.18,,
2025-05-07,pg_session_jwt,,0.3.1,,
2025-05-07,pg_tracing,,0.1.3,,
2025-05-07,pg_tzf,,0.2.0,,
2025-05-07,pgcollection,,1.0.0,,
2025-05-07,pglite_fusion,,0.0.5,,
2025-05-07,pgmq,,1.5.1,,
2025-05-07,pgvectorscale,,0.7.1,,
2025-05-07,supautils,,2.9.1,,
2025-05-07,timescaledb,,2.19.3,,
2025-05-07,timescaledb_toolkit,,1.21.0,,
2025-05-07,vchord,,0.3.0,,
2025-05-07,vchord_bm25,,0.2.1,,
2025-03-20,citus,,13.0.2,,
2025-03-20,ddl_historization,0.7,0.0.7,,
2025-03-20,documentdb,,1.102,,
2025-03-20,emaj,,4.6.0,,
2025-03-20,pg_analytics,,0.3.7,,
2025-03-20,pg_incremental,1.1.1,1.2.0,,
2025-03-20,pg_ivm,,1.10,,
2025-03-20,pg_jsonschema,0.3.2,0.3.3,,
2025-03-20,pg_parquet,,0.3.1,,
2025-03-20,pg_profile,4.7,4.8,,
2025-03-20,pg_random,,,,
2025-03-20,pg_search,,0.15.8,,
2025-03-20,pg_session_jwt,,0.2.0,,
2025-03-20,pg_sqlog,3.1.7,1.6,,
2025-03-20,pg_stat_monitor,2.1.0,2.1.1,,
2025-03-20,pg_tle,1.2.0,1.5.0,,
2025-03-20,pgsql_tweaks,,0.11.0,,
2025-03-20,pgvectorscale,,0.6.0,,
2025-03-20,sslutils,1.3,1.4,,
2025-03-20,supautils,2.5.0,2.6.0,,
2025-03-20,timescaledb,,2.19.0,,
2025-03-20,vchord,,0.2.2,,
2025-03-20,wrappers,,0.4.5,,
2024-10-16,logerrors,,2.1.3,,
2024-10-16,login_hook,,1.6,,
2024-10-16,pg_auth_mon,,3.0,,
2024-10-16,pg_ddlx,,0.28,,
2024-10-16,pg_ivm,,1.9,,
2024-10-16,pg_orphaned,,latest,,
2024-10-16,pg_profile,,4.7,,
2024-10-16,pg_protobuf,,16 17,,
2024-10-16,pg_readonly,,latest,,
2024-10-16,pg_stat_monitor,,2.1,,
2024-10-16,pg_timeseries,,0.1.6,,
2024-10-16,pg_uuidv7,,1.6,,
2024-10-16,pgmq,,1.4.4,,
2024-10-16,pgnodemx,,1.7,,
2024-10-16,safeupdate,,latest,,
2024-10-16,sslutils,,"1.4 (+16,17)",,
2024-10-16,system_stats,,3.2,,
